{"cameraMode":{"drawMode":0,"name":"Shaded","section":"Shading Mode"},"sceneLighting":true,"audioPlay":false,"sceneViewState":{"showFog":true,"showMaterialUpdate":true,"showSkybox":true,"showFlares":true,"showImageEffects":true,"showParticleSystems":true},"in2DMode":false,"pivot":{"x":5.71608829498291,"y":-7.223227500915527,"z":-21.480724334716798},"rotation":{"x":0.1533518135547638,"y":-0.48108458518981936,"z":-0.0859031230211258,"w":-0.8588811755180359},"size":1.427941083908081,"orthographic":false}